,CNES,TPGESTAO,SGRUPHAB
0,396,Dupla,1701
1,396,Dupla,1706
2,396,Estadual,1706
3,396,Estadual,1723
4,434,Dupla,1701
5,434,Dupla,1707
6,434,Dupla,1708
7,434,Dupla,1709
8,434,Dupla,1712
9,434,Dupla,1713
10,434,Dupla,1717
11,434,Dupla,1722
12,434,Dupla,1723
13,477,Dupla,1701
14,477,Dupla,1708
15,477,Dupla,1709
16,477,Dupla,1717
17,477,Dupla,1722
18,477,Dupla,1723
19,582,Dupla,1701
20,582,Dupla,1707
21,582,Dupla,1709
22,582,Dupla,1717
23,582,Estadual,1707
24,582,Estadual,1709
25,582,Estadual,1717
26,582,Estadual,1723
27,809,Dupla,1701
28,809,Dupla,1710
29,809,Estadual,1710
30,1023,Estadual,1704
31,2283,Estadual,1707
32,2283,Estadual,1718
33,2283,Estadual,1723
34,2283,Municipal,1701
35,2283,Municipal,1706
36,2283,Municipal,1707
37,2283,Municipal,1718
38,2534,Municipal,1706
39,2534,Municipal,1708
40,2534,Municipal,1723
41,3778,Estadual,1719
42,3778,Estadual,1720
43,3786,Dupla,1713
44,3786,Dupla,1717
45,3786,Dupla,1722
46,3786,Dupla,1723
47,3786,Municipal,1702
48,3786,Municipal,1712
49,3786,Municipal,1713
50,3808,Dupla,1701
51,3808,Dupla,1707
52,3808,Dupla,1718
53,3808,Municipal,1707
54,3808,Municipal,1718
55,3816,Dupla,1701
56,3816,Dupla,1708
57,3816,Dupla,1723
58,3816,Estadual,1708
59,3816,Estadual,1723
60,3832,Dupla,1701
61,3832,Dupla,1707
62,3832,Dupla,1708
63,3832,Dupla,1718
64,3832,Municipal,1707
65,3832,Municipal,1708
66,3921,Estadual,1706
67,3921,Estadual,1716
68,3921,Municipal,1705
69,3921,Municipal,1706
70,3921,Municipal,1716
71,4278,Dupla,1711
72,8753,Municipal,1704
73,8753,Municipal,1715
74,8923,Municipal,1706
75,9369,Municipal,1704
76,9539,Municipal,1705
77,9539,Municipal,1706
78,9539,Municipal,1709
79,9601,Municipal,1701
80,9601,Municipal,1708
81,9601,Municipal,1723
82,9709,Municipal,1701
83,9709,Municipal,1706
84,9709,Municipal,1707
85,9717,Municipal,1701
86,9717,Municipal,1707
87,9717,Municipal,1708
88,9725,Municipal,1701
89,9725,Municipal,1709
90,9725,Municipal,1723
91,9776,Dupla,1707
92,9776,Municipal,1701
93,9776,Municipal,1707
94,9776,Municipal,1717
95,9776,Municipal,1723
96,10456,Estadual,1702
97,10456,Estadual,1707
98,10456,Estadual,1708
99,10456,Estadual,1712
100,10456,Estadual,1713
101,10456,Estadual,1717
102,10456,Estadual,1720
103,10464,Estadual,1714
104,10464,Estadual,1717
105,10472,Estadual,1714
106,10472,Estadual,1717
107,10472,Estadual,1719
108,10480,Estadual,1714
109,10480,Estadual,1717
110,10480,Estadual,1719
111,10499,Estadual,1706
112,10499,Estadual,1714
113,10499,Estadual,1717
114,10510,Estadual,1701
115,10510,Estadual,1706
116,10510,Estadual,1707
117,10510,Estadual,1719
118,10537,Estadual,1719
119,10537,Estadual,1720
120,11738,Dupla,1701
121,11738,Dupla,1712
122,11738,Dupla,1717
123,11738,Estadual,1712
124,11738,Estadual,1717
125,11746,Dupla,1701
126,11746,Dupla,1708
127,11746,Dupla,1714
128,11746,Dupla,1718
129,11746,Estadual,1708
130,11746,Estadual,1714
131,11746,Estadual,1718
132,11800,Dupla,1701
133,11800,Dupla,1711
134,11800,Estadual,1711
135,12505,Municipal,1701
136,12505,Municipal,1708
137,12556,Municipal,1714
138,13633,Dupla,1701
139,13633,Dupla,1707
140,13633,Dupla,1708
141,13633,Dupla,1709
142,13633,Dupla,1713
143,13633,Dupla,1717
144,13633,Estadual,1713
145,13633,Estadual,1717
146,13633,Estadual,1723
147,13838,Estadual,1706
148,13838,Estadual,1718
149,13838,Estadual,1723
150,13846,Estadual,1706
151,14109,Municipal,1701
152,14109,Municipal,1706
153,14109,Municipal,1707
154,14109,Municipal,1723
155,15245,Dupla,1707
156,15245,Dupla,1708
157,15245,Dupla,1718
158,15245,Dupla,1723
159,15334,Dupla,1706
160,15334,Dupla,1723
161,15563,Dupla,1701
162,15563,Dupla,1711
163,15563,Municipal,1701
164,15598,Municipal,1704
165,15598,Municipal,1715
166,15644,Dupla,1702
167,15644,Dupla,1713
168,15644,Dupla,1717
169,15644,Dupla,1722
170,15644,Dupla,1723
171,15644,Municipal,1702
172,17868,Dupla,1706
173,17868,Dupla,1707
174,17868,Municipal,1701
175,17868,Municipal,1706
176,17868,Municipal,1707
177,17868,Municipal,1718
178,19283,Dupla,1701
179,19283,Dupla,1714
180,19283,Estadual,1714
181,19283,Estadual,1723
182,19402,Dupla,1704
183,19402,Estadual,1701
184,19402,Estadual,1704
185,19402,Municipal,1704
186,19445,Estadual,1701
187,19445,Estadual,1707
188,19445,Estadual,1708
189,19445,Estadual,1715
190,19445,Estadual,1716
191,25186,Municipal,1706
192,25186,Municipal,1707
193,26840,Municipal,1701
194,26840,Municipal,1707
195,26840,Municipal,1718
196,26840,Municipal,1723
197,26859,Municipal,1701
198,26859,Municipal,1707
199,26859,Municipal,1708
200,26964,Municipal,1707
201,27014,Municipal,1701
202,27014,Municipal,1707
203,27014,Municipal,1708
204,27014,Municipal,1709
205,27014,Municipal,1713
206,27014,Municipal,1717
207,27014,Municipal,1723
208,27049,Municipal,1701
209,27049,Municipal,1708
210,27049,Municipal,1709
211,27049,Municipal,1717
212,27049,Municipal,1723
213,2001586,Dupla,1707
214,2001586,Estadual,1707
215,2004976,Municipal,1701
216,2004976,Municipal,1706
217,2005417,Municipal,1707
218,2006197,Municipal,1701
219,2006197,Municipal,1706
220,2006197,Municipal,1712
221,2006448,Municipal,1701
222,2006448,Municipal,1711
223,2007037,Municipal,1701
224,2007037,Municipal,1704
225,2007037,Municipal,1713
226,2007037,Municipal,1717
227,2007037,Municipal,1718
228,2012677,Dupla,1701
229,2012677,Dupla,1706
230,2012677,Dupla,1707
231,2012677,Dupla,1708
232,2012677,Dupla,1709
233,2012677,Dupla,1717
234,2012677,Estadual,1706
235,2012677,Estadual,1707
236,2012677,Estadual,1708
237,2012677,Estadual,1709
238,2012677,Estadual,1717
239,2017644,Estadual,1714
240,2017644,Estadual,1719
241,2017644,Estadual,1721
242,2020645,Estadual,1705
243,2020645,Estadual,1706
244,2025361,Municipal,1701
245,2025361,Municipal,1706
246,2025361,Municipal,1707
247,2025507,Dupla,1701
248,2025507,Estadual,1701
249,2025507,Estadual,1707
250,2025507,Estadual,1708
251,2025507,Estadual,1713
252,2025507,Estadual,1723
253,2025752,Municipal,1701
254,2025752,Municipal,1707
255,2025752,Municipal,1708
256,2025752,Municipal,1713
257,2027186,Municipal,1706
258,2027356,Municipal,1714
259,2027356,Municipal,1723
260,2030705,Estadual,1704
261,2030705,Estadual,1707
262,2030705,Estadual,1708
263,2030705,Estadual,1709
264,2030705,Estadual,1715
265,2058790,Municipal,1706
266,2066572,Dupla,1701
267,2066572,Dupla,1706
268,2066572,Dupla,1714
269,2066572,Estadual,1706
270,2066572,Estadual,1718
271,2071371,Dupla,1701
272,2071371,Dupla,1711
273,2071371,Estadual,1711
274,2077396,Estadual,1701
275,2077396,Estadual,1707
276,2077396,Estadual,1708
277,2077396,Estadual,1709
278,2077396,Estadual,1717
279,2077396,Estadual,1720
280,2077396,Estadual,1723
281,2077434,Estadual,1706
282,2077434,Estadual,1719
283,2077434,Estadual,1720
284,2077477,Dupla,1713
285,2077477,Estadual,1713
286,2077477,Estadual,1717
287,2077477,Estadual,1723
288,2077477,Municipal,1701
289,2077477,Municipal,1713
290,2077485,Dupla,1701
291,2077485,Dupla,1707
292,2077485,Dupla,1708
293,2077485,Dupla,1709
294,2077485,Dupla,1713
295,2077485,Estadual,1712
296,2077485,Estadual,1713
297,2077485,Estadual,1717
298,2077485,Estadual,1723
299,2077523,Dupla,1701
300,2077523,Dupla,1706
301,2077523,Estadual,1706
302,2077531,Municipal,1703
303,2077531,Municipal,1707
304,2077531,Municipal,1713
305,2077531,Municipal,1717
306,2077531,Municipal,1718
307,2077590,Municipal,1701
308,2077590,Municipal,1707
309,2077590,Municipal,1708
310,2077590,Municipal,1717
311,2078015,Dupla,1701
312,2078015,Dupla,1713
313,2078015,Estadual,1713
314,2078015,Estadual,1717
315,2078015,Estadual,1723
316,2078287,Dupla,1701
317,2078287,Dupla,1706
318,2078287,Estadual,1706
319,2078287,Estadual,1717
320,2078287,Estadual,1723
321,2078775,Dupla,1701
322,2078775,Dupla,1708
323,2078775,Estadual,1701
324,2078775,Estadual,1707
325,2078775,Estadual,1708
326,2078775,Estadual,1723
327,2078775,Municipal,1701
328,2079186,Municipal,1719
329,2079186,Municipal,1720
330,2079321,Municipal,1705
331,2079321,Municipal,1711
332,2079720,Dupla,1706
333,2079720,Estadual,1706
334,2079720,Estadual,1707
335,2079720,Estadual,1708
336,2079720,Estadual,1723
337,2079798,Estadual,1701
338,2079798,Estadual,1712
339,2079798,Estadual,1717
340,2079828,Dupla,1714
341,2079828,Estadual,1714
342,2080125,Estadual,1712
343,2080125,Estadual,1717
344,2080125,Estadual,1723
345,2080125,Municipal,1702
346,2080125,Municipal,1707
347,2080125,Municipal,1708
348,2080125,Municipal,1712
349,2080125,Municipal,1717
350,2080273,Dupla,1709
351,2080273,Estadual,1707
352,2080273,Estadual,1708
353,2080273,Estadual,1709
354,2080273,Estadual,1718
355,2080273,Estadual,1723
356,2080354,Municipal,1701
357,2080354,Municipal,1707
358,2080400,Municipal,1701
359,2080400,Municipal,1707
360,2080400,Municipal,1708
361,2080400,Municipal,1712
362,2080400,Municipal,1718
363,2080400,Municipal,1723
364,2080532,Dupla,1701
365,2080532,Dupla,1708
366,2080532,Estadual,1707
367,2080532,Estadual,1708
368,2080532,Estadual,1709
369,2080575,Municipal,1702
370,2080575,Municipal,1707
371,2080575,Municipal,1713
372,2080664,Estadual,1706
373,2080664,Estadual,1719
374,2080664,Estadual,1723
375,2080680,Dupla,1714
376,2080680,Estadual,1706
377,2080680,Estadual,1708
378,2080680,Estadual,1714
379,2080680,Estadual,1723
380,2080931,Municipal,1701
381,2080931,Municipal,1707
382,2081253,Dupla,1701
383,2081253,Municipal,1706
384,2081458,Dupla,1701
385,2081458,Dupla,1707
386,2081458,Municipal,1707
387,2081458,Municipal,1723
388,2081482,Estadual,1701
389,2081482,Estadual,1707
390,2081482,Estadual,1711
391,2081490,Municipal,1707
392,2081512,Municipal,1706
393,2081644,Dupla,1701
394,2081644,Municipal,1707
395,2081695,Estadual,1701
396,2081695,Estadual,1708
397,2082128,Municipal,1701
398,2082128,Municipal,1707
399,2082128,Municipal,1708
400,2082128,Municipal,1710
401,2082128,Municipal,1715
402,2082128,Municipal,1718
403,2082187,Estadual,1701
404,2082187,Estadual,1713
405,2082187,Estadual,1717
406,2082187,Estadual,1719
407,2082187,Estadual,1720
408,2082187,Estadual,1723
409,2082527,Municipal,1701
410,2082527,Municipal,1707
411,2082527,Municipal,1708
412,2082527,Municipal,1719
413,2082527,Municipal,1720
414,2082594,Municipal,1706
415,2082888,Dupla,1706
416,2082888,Municipal,1706
417,2083086,Dupla,1702
418,2083086,Dupla,1707
419,2083086,Dupla,1708
420,2083086,Dupla,1709
421,2083086,Dupla,1713
422,2083086,Estadual,1707
423,2083086,Estadual,1708
424,2083086,Estadual,1709
425,2083086,Estadual,1713
426,2083086,Estadual,1717
427,2083086,Estadual,1719
428,2083086,Estadual,1720
429,2083086,Estadual,1722
430,2083086,Estadual,1723
431,2083094,Estadual,1706
432,2083094,Estadual,1723
433,2083116,Municipal,1701
434,2083116,Municipal,1706
435,2083116,Municipal,1708
436,2083116,Municipal,1709
437,2083604,Municipal,1701
438,2083604,Municipal,1706
439,2084163,Dupla,1714
440,2084163,Estadual,1714
441,2084163,Estadual,1723
442,2084228,Municipal,1707
443,2084414,Municipal,1701
444,2084414,Municipal,1706
445,2084414,Municipal,1709
446,2084414,Municipal,1715
447,2084414,Municipal,1723
448,2085194,Municipal,1701
449,2085194,Municipal,1706
450,2085194,Municipal,1718
451,2085194,Municipal,1723
452,2087057,Dupla,1701
453,2087057,Dupla,1707
454,2087057,Dupla,1708
455,2087057,Municipal,1707
456,2087057,Municipal,1708
457,2087057,Municipal,1723
458,2088576,Dupla,1701
459,2088576,Dupla,1708
460,2088576,Estadual,1708
461,2088576,Estadual,1718
462,2089327,Estadual,1701
463,2089327,Estadual,1706
464,2089327,Estadual,1723
465,2089335,Estadual,1715
466,2089696,Municipal,1707
467,2089696,Municipal,1711
468,2090236,Dupla,1713
469,2090236,Estadual,1702
470,2090236,Estadual,1713
471,2090236,Estadual,1717
472,2090236,Estadual,1722
473,2090236,Estadual,1723
474,2092298,Estadual,1714
475,2092298,Estadual,1721
476,2092298,Municipal,1714
477,2096498,Municipal,1705
478,2096498,Municipal,1706
479,2096498,Municipal,1707
480,2098911,Municipal,1701
481,2098911,Municipal,1706
482,2098938,Municipal,1701
483,2098938,Municipal,1706
484,2105780,Municipal,1706
485,2105780,Municipal,1723
486,2110075,Municipal,1704
487,2110075,Municipal,1715
488,2111640,Municipal,1706
489,2111640,Municipal,1707
490,2111640,Municipal,1723
491,2118661,Municipal,1706
492,2118661,Municipal,1707
493,2118661,Municipal,1708
494,2118661,Municipal,1717
495,2118661,Municipal,1723
496,2126494,Municipal,1707
497,2126494,Municipal,1723
498,2127989,Dupla,1706
499,2127989,Dupla,1707
500,2127989,Dupla,1708
501,2127989,Municipal,1706
502,2127989,Municipal,1707
503,2127989,Municipal,1708
504,2127989,Municipal,1709
505,2127989,Municipal,1718
506,2127989,Municipal,1723
507,2129469,Municipal,1701
508,2129469,Municipal,1706
509,2129469,Municipal,1718
510,2129469,Municipal,1723
511,2146355,Municipal,1701
512,2146355,Municipal,1707
513,2146355,Municipal,1708
514,2146355,Municipal,1709
515,2146355,Municipal,1714
516,2146355,Municipal,1715
517,2146355,Municipal,1716
518,2146355,Municipal,1718
519,2146355,Municipal,1723
520,2148293,Municipal,1706
521,2148293,Municipal,1707
522,2148293,Municipal,1723
523,2149990,Dupla,1707
524,2149990,Municipal,1701
525,2149990,Municipal,1707
526,2149990,Municipal,1723
527,2153025,Municipal,1701
528,2153025,Municipal,1707
529,2153025,Municipal,1708
530,2153025,Municipal,1723
531,2153106,Municipal,1702
532,2153106,Municipal,1707
533,2153106,Municipal,1708
534,2153106,Municipal,1718
535,2153106,Municipal,1723
536,2153114,Municipal,1701
537,2153114,Municipal,1707
538,2153114,Municipal,1708
539,2153114,Municipal,1723
540,2159252,Municipal,1701
541,2159252,Municipal,1707
542,2159252,Municipal,1708
543,2159252,Municipal,1717
544,2159252,Municipal,1718
545,2159252,Municipal,1723
546,2161354,Municipal,1701
547,2161354,Municipal,1706
548,2161354,Municipal,1707
549,2161354,Municipal,1723
550,2165058,Municipal,1701
551,2165058,Municipal,1707
552,2165058,Municipal,1708
553,2165058,Municipal,1718
554,2165058,Municipal,1723
555,2171945,Municipal,1706
556,2171945,Municipal,1707
557,2171945,Municipal,1708
558,2171945,Municipal,1718
559,2171945,Municipal,1723
560,2184834,Municipal,1706
561,2184834,Municipal,1723
562,2195453,Dupla,1701
563,2195453,Dupla,1712
564,2195453,Dupla,1717
565,2195453,Dupla,1722
566,2195453,Dupla,1723
567,2196972,Municipal,1707
568,2200457,Municipal,1702
569,2200457,Municipal,1712
570,2200457,Municipal,1717
571,2200457,Municipal,1723
572,2205440,Municipal,1701
573,2205440,Municipal,1707
574,2205440,Municipal,1708
575,2205440,Municipal,1709
576,2205440,Municipal,1718
577,2205440,Municipal,1723
578,2206528,Municipal,1706
579,2206528,Municipal,1707
580,2206528,Municipal,1718
581,2206528,Municipal,1723
582,2206595,Municipal,1701
583,2206595,Municipal,1706
584,2206595,Municipal,1707
585,2206595,Municipal,1708
586,2206595,Municipal,1713
587,2206595,Municipal,1723
588,2209195,Municipal,1706
589,2215586,Municipal,1706
590,2215586,Municipal,1723
591,2219646,Estadual,1707
592,2219646,Estadual,1708
593,2219646,Estadual,1718
594,2219646,Municipal,1701
595,2219646,Municipal,1707
596,2219646,Municipal,1708
597,2219646,Municipal,1718
598,2219646,Municipal,1723
599,2223538,Municipal,1701
600,2223538,Municipal,1707
601,2223538,Municipal,1708
602,2223538,Municipal,1709
603,2223538,Municipal,1718
604,2223538,Municipal,1723
605,2223546,Municipal,1705
606,2223546,Municipal,1706
607,2223546,Municipal,1707
608,2227932,Estadual,1706
609,2227932,Estadual,1723
610,2232014,Municipal,1708
611,2232014,Municipal,1723
612,2232022,Municipal,1701
613,2232022,Municipal,1707
614,2232022,Municipal,1718
615,2232022,Municipal,1723
616,2232057,Estadual,1705
617,2232057,Estadual,1706
618,2232057,Municipal,1706
619,2232995,Dupla,1701
620,2232995,Dupla,1707
621,2232995,Dupla,1708
622,2232995,Estadual,1707
623,2232995,Estadual,1708
624,2232995,Estadual,1723
625,2237253,Municipal,1701
626,2237253,Municipal,1713
627,2237253,Municipal,1717
628,2237571,Municipal,1701
629,2237571,Municipal,1708
630,2237571,Municipal,1709
631,2237571,Municipal,1717
632,2237571,Municipal,1723
633,2237601,Municipal,1701
634,2237601,Municipal,1713
635,2237601,Municipal,1717
636,2237601,Municipal,1719
637,2237601,Municipal,1720
638,2237601,Municipal,1723
639,2241021,Estadual,1701
640,2241021,Estadual,1706
641,2241021,Municipal,1706
642,2241021,Municipal,1707
643,2241021,Municipal,1718
644,2241021,Municipal,1723
645,2244306,Dupla,1701
646,2244306,Dupla,1707
647,2244306,Dupla,1708
648,2244306,Dupla,1709
649,2244306,Estadual,1707
650,2244306,Estadual,1708
651,2244306,Estadual,1709
652,2244357,Dupla,1706
653,2246929,Dupla,1706
654,2246929,Dupla,1708
655,2246929,Dupla,1718
656,2246929,Estadual,1706
657,2246929,Estadual,1718
658,2246929,Estadual,1723
659,2246988,Dupla,1701
660,2246988,Dupla,1704
661,2246988,Dupla,1707
662,2246988,Dupla,1708
663,2246988,Dupla,1709
664,2246988,Dupla,1717
665,2246988,Estadual,1707
666,2246988,Estadual,1708
667,2246988,Estadual,1709
668,2246988,Estadual,1717
669,2248190,Dupla,1701
670,2248190,Dupla,1707
671,2248190,Estadual,1707
672,2248190,Estadual,1723
673,2248204,Dupla,1706
674,2248204,Estadual,1706
675,2248204,Estadual,1723
676,2252287,Estadual,1701
677,2252287,Estadual,1704
678,2252287,Estadual,1707
679,2252287,Estadual,1708
680,2252287,Estadual,1718
681,2252287,Municipal,1707
682,2252287,Municipal,1708
683,2252287,Municipal,1718
684,2252694,Municipal,1705
685,2252694,Municipal,1707
686,2252694,Municipal,1708
687,2253054,Municipal,1704
688,2253054,Municipal,1707
689,2253054,Municipal,1708
690,2253054,Municipal,1723
691,2254611,Municipal,1701
692,2254611,Municipal,1707
693,2254611,Municipal,1708
694,2254611,Municipal,1723
695,2255936,Municipal,1701
696,2255936,Municipal,1706
697,2255936,Municipal,1707
698,2255936,Municipal,1718
699,2255936,Municipal,1723
700,2259907,Dupla,1706
701,2261057,Dupla,1701
702,2261057,Dupla,1712
703,2261057,Dupla,1717
704,2261057,Dupla,1718
705,2261057,Estadual,1712
706,2261057,Estadual,1717
707,2261057,Estadual,1723
708,2261987,Dupla,1706
709,2261987,Estadual,1706
710,2261987,Estadual,1707
711,2261987,Estadual,1723
712,2262274,Municipal,1701
713,2262274,Municipal,1706
714,2262568,Municipal,1701
715,2262568,Municipal,1707
716,2262568,Municipal,1708
717,2262568,Municipal,1709
718,2262568,Municipal,1717
719,2262568,Municipal,1718
720,2262568,Municipal,1723
721,2263858,Dupla,1708
722,2263858,Estadual,1708
723,2263858,Estadual,1723
724,2265052,Municipal,1701
725,2265052,Municipal,1706
726,2265052,Municipal,1718
727,2265052,Municipal,1719
728,2265052,Municipal,1720
729,2265052,Municipal,1723
730,2266474,Municipal,1701
731,2266474,Municipal,1706
732,2268779,Municipal,1704
733,2268779,Municipal,1705
734,2268779,Municipal,1706
735,2268779,Municipal,1715
736,2269384,Municipal,1701
737,2269384,Municipal,1706
738,2269384,Municipal,1723
739,2269422,Municipal,1704
740,2269783,Estadual,1707
741,2269783,Estadual,1708
742,2269783,Estadual,1718
743,2269783,Municipal,1701
744,2269783,Municipal,1707
745,2269783,Municipal,1708
746,2269783,Municipal,1718
747,2269821,Municipal,1703
748,2269821,Municipal,1706
749,2269821,Municipal,1713
750,2269821,Municipal,1717
751,2269880,Municipal,1701
752,2269880,Municipal,1706
753,2269880,Municipal,1708
754,2269880,Municipal,1723
755,2269899,Estadual,1707
756,2269899,Estadual,1718
757,2269899,Municipal,1702
758,2269899,Municipal,1707
759,2269899,Municipal,1717
760,2269899,Municipal,1718
761,2269988,Municipal,1707
762,2269988,Municipal,1708
763,2269988,Municipal,1709
764,2269988,Municipal,1723
765,2273454,Municipal,1703
766,2273454,Municipal,1713
767,2273454,Municipal,1714
768,2273454,Municipal,1717
769,2273454,Municipal,1722
770,2273462,Municipal,1703
771,2273462,Municipal,1707
772,2273462,Municipal,1713
773,2273462,Municipal,1717
774,2273659,Municipal,1709
775,2273659,Municipal,1723
776,2273748,Municipal,1706
777,2273748,Municipal,1708
778,2273748,Municipal,1723
779,2275562,Municipal,1706
780,2275562,Municipal,1715
781,2278286,Dupla,1706
782,2278286,Municipal,1706
783,2278286,Municipal,1707
784,2278855,Estadual,1706
785,2278855,Estadual,1707
786,2278855,Estadual,1708
787,2278855,Estadual,1709
788,2278855,Municipal,1701
789,2278855,Municipal,1706
790,2278855,Municipal,1707
791,2278855,Municipal,1708
792,2278855,Municipal,1709
793,2280051,Municipal,1706
794,2280051,Municipal,1707
795,2280051,Municipal,1708
796,2280167,Municipal,1701
797,2280167,Municipal,1707
798,2280167,Municipal,1708
799,2280167,Municipal,1712
800,2280167,Municipal,1723
801,2287250,Dupla,1706
802,2287250,Municipal,1706
803,2287285,Dupla,1707
804,2287285,Estadual,1701
805,2287285,Estadual,1707
806,2287285,Municipal,1707
807,2287447,Dupla,1706
808,2287447,Municipal,1706
809,2287447,Municipal,1707
810,2292386,Municipal,1705
811,2292386,Municipal,1706
812,2295067,Estadual,1710
813,2295067,Municipal,1701
814,2295067,Municipal,1710
815,2295415,Municipal,1701
816,2295415,Municipal,1706
817,2295415,Municipal,1723
818,2295423,Municipal,1706
819,2296241,Municipal,1706
820,2296616,Municipal,1701
821,2296616,Municipal,1711
822,2301318,Dupla,1706
823,2301318,Dupla,1723
824,2301318,Municipal,1706
825,2306336,Dupla,1706
826,2306336,Municipal,1706
827,2306336,Municipal,1707
828,2315793,Municipal,1701
829,2315793,Municipal,1707
830,2319659,Estadual,1706
831,2332981,Municipal,1706
832,2332981,Municipal,1723
833,2334321,Estadual,1713
834,2334321,Estadual,1717
835,2334321,Estadual,1723
836,2334321,Municipal,1701
837,2334321,Municipal,1713
838,2334321,Municipal,1717
839,2338351,Municipal,1701
840,2338351,Municipal,1706
841,2338351,Municipal,1707
842,2338351,Municipal,1708
843,2338351,Municipal,1717
844,2338351,Municipal,1718
845,2338424,Municipal,1701
846,2338424,Municipal,1706
847,2338424,Municipal,1708
848,2339099,Municipal,1705
849,2361787,Municipal,1706
850,2371375,Municipal,1701
851,2371375,Municipal,1705
852,2371375,Municipal,1707
853,2371707,Dupla,1706
854,2376334,Municipal,1706
855,2384299,Dupla,1701
856,2384299,Dupla,1708
857,2384299,Dupla,1709
858,2384299,Dupla,1718
859,2384299,Dupla,1723
860,2384299,Municipal,1701
861,2396866,Municipal,1706
862,2399741,Municipal,1702
863,2399741,Municipal,1713
864,2399741,Municipal,1717
865,2399776,Municipal,1706
866,2402076,Dupla,1706
867,2402076,Dupla,1715
868,2402076,Estadual,1706
869,2402076,Estadual,1715
870,2402076,Estadual,1722
871,2407205,Dupla,1707
872,2407205,Municipal,1707
873,2409151,Dupla,1705
874,2409151,Dupla,1711
875,2409194,Dupla,1702
876,2409194,Dupla,1713
877,2409194,Dupla,1717
878,2409194,Dupla,1722
879,2410265,Dupla,1705
880,2410265,Dupla,1706
881,2410265,Dupla,1707
882,2410265,Dupla,1718
883,2410265,Municipal,1706
884,2410265,Municipal,1718
885,2427419,Estadual,1707
886,2427419,Estadual,1723
887,2427427,Dupla,1701
888,2427427,Dupla,1706
889,2427427,Estadual,1706
890,2427427,Estadual,1717
891,2427427,Estadual,1723
892,2430711,Dupla,1706
893,2430711,Estadual,1706
894,2430711,Municipal,1706
895,2430843,Estadual,1704
896,2436469,Dupla,1704
897,2436469,Dupla,1705
898,2436469,Dupla,1712
899,2436469,Municipal,1701
900,2436469,Municipal,1704
901,2436469,Municipal,1705
902,2436469,Municipal,1712
903,2436469,Municipal,1717
904,2436469,Municipal,1718
905,2439360,Municipal,1706
906,2439360,Municipal,1707
907,2439360,Municipal,1708
908,2439360,Municipal,1723
909,2442108,Municipal,1707
910,2448521,Municipal,1706
911,2465833,Estadual,1706
912,2465833,Municipal,1706
913,2491710,Dupla,1706
914,2491710,Estadual,1706
915,2494442,Dupla,1708
916,2494442,Estadual,1708
917,2494442,Estadual,1717
918,2497654,Dupla,1708
919,2497654,Dupla,1718
920,2497654,Dupla,1723
921,2497654,Municipal,1708
922,2497654,Municipal,1717
923,2497654,Municipal,1718
924,2497654,Municipal,1723
925,2504332,Dupla,1706
926,2504332,Dupla,1707
927,2504332,Dupla,1723
928,2504332,Municipal,1706
929,2504332,Municipal,1707
930,2504332,Municipal,1723
931,2506815,Municipal,1702
932,2506815,Municipal,1713
933,2506815,Municipal,1717
934,2506815,Municipal,1722
935,2515377,Estadual,1704
936,2515377,Estadual,1705
937,2515377,Estadual,1715
938,2515377,Estadual,1716
939,2521792,Municipal,1706
940,2521792,Municipal,1723
941,2522691,Municipal,1706
942,2522691,Municipal,1707
943,2522691,Municipal,1718
944,2522691,Municipal,1723
945,2525569,Dupla,1707
946,2525569,Dupla,1714
947,2525569,Dupla,1715
948,2525569,Dupla,1718
949,2525569,Municipal,1701
950,2525569,Municipal,1707
951,2525569,Municipal,1714
952,2525569,Municipal,1715
953,2528843,Municipal,1714
954,2528843,Municipal,1718
955,2528843,Municipal,1723
956,2531348,Estadual,1706
957,2531348,Estadual,1715
958,2531348,Estadual,1718
959,2534444,Municipal,1701
960,2534444,Municipal,1707
961,2534444,Municipal,1708
962,2534444,Municipal,1709
963,2534444,Municipal,1717
964,2537788,Dupla,1707
965,2537788,Dupla,1708
966,2537788,Municipal,1701
967,2537788,Municipal,1707
968,2537788,Municipal,1708
969,2537788,Municipal,1717
970,2537788,Municipal,1723
971,2543044,Dupla,1706
972,2543044,Estadual,1706
973,2543044,Estadual,1723
974,2547821,Dupla,1701
975,2547821,Dupla,1707
976,2547821,Dupla,1708
977,2547821,Estadual,1707
978,2547821,Estadual,1708
979,2558246,Municipal,1701
980,2558246,Municipal,1706
981,2558246,Municipal,1707
982,2558254,Municipal,1706
983,2558254,Municipal,1707
984,2558254,Municipal,1708
985,2558254,Municipal,1709
986,2558254,Municipal,1718
987,2558254,Municipal,1723
988,2560771,Dupla,1706
989,2560771,Estadual,1706
990,2560771,Estadual,1717
991,2560771,Estadual,1718
992,2560771,Estadual,1723
993,2561379,Dupla,1719
994,2561379,Dupla,1720
995,2561379,Municipal,1719
996,2561379,Municipal,1720
997,2561492,Municipal,1701
998,2561492,Municipal,1708
999,2561492,Municipal,1723
1000,2563681,Dupla,1711
1001,2563681,Municipal,1701
1002,2563681,Municipal,1711
1003,2563681,S,1711
1004,2564211,Municipal,1701
1005,2564211,Municipal,1706
1006,2564211,Municipal,1707
1007,2564211,Municipal,1708
1008,2568713,Municipal,1706
1009,2568713,Municipal,1723
1010,2576341,Dupla,1706
1011,2576341,Dupla,1708
1012,2576341,Dupla,1723
1013,2577623,Dupla,1712
1014,2577623,Dupla,1713
1015,2577623,Dupla,1717
1016,2577623,Municipal,1701
1017,2577623,Municipal,1712
1018,2577623,Municipal,1717
1019,2586169,Municipal,1701
1020,2586169,Municipal,1707
1021,2586169,Municipal,1708
1022,2586169,Municipal,1717
1023,2586169,Municipal,1723
1024,2586797,Municipal,1704
1025,2586797,Municipal,1715
1026,2591049,Dupla,1701
1027,2591049,Dupla,1704
1028,2591049,Dupla,1712
1029,2591049,Estadual,1712
1030,2591049,Estadual,1718
1031,2591049,Municipal,1712
1032,2591049,Municipal,1718
1033,2594366,Municipal,1706
1034,2600536,Estadual,1701
1035,2600536,Estadual,1707
1036,2600536,Estadual,1719
1037,2601680,Dupla,1707
1038,2601680,Dupla,1708
1039,2601680,Dupla,1717
1040,2601680,Municipal,1708
1041,2605473,Estadual,1706
1042,2611686,Municipal,1701
1043,2611686,Municipal,1706
1044,2611686,Municipal,1718
1045,2611686,Municipal,1723
1046,2639009,Dupla,1706
1047,2646536,Estadual,1708
1048,2646536,Estadual,1723
1049,2646536,Municipal,1708
1050,2649527,Estadual,1705
1051,2649527,Estadual,1716
1052,2651394,Municipal,1701
1053,2651394,Municipal,1706
1054,2651394,Municipal,1707
1055,2651394,Municipal,1717
1056,2651394,Municipal,1723
1057,2653982,Dupla,1706
1058,2653982,Municipal,1706
1059,2655519,Municipal,1701
1060,2655519,Municipal,1707
1061,2655519,Municipal,1709
1062,2656930,Dupla,1706
1063,2656930,Municipal,1706
1064,2659107,Dupla,1708
1065,2659107,Municipal,1701
1066,2659107,Municipal,1708
1067,2673916,Estadual,1701
1068,2673916,Estadual,1706
1069,2676060,Municipal,1701
1070,2676060,Municipal,1709
1071,2686953,Dupla,1707
1072,2686953,Estadual,1706
1073,2686953,Estadual,1707
1074,2688573,Dupla,1714
1075,2688573,Estadual,1714
1076,2688573,Estadual,1721
1077,2688689,Dupla,1701
1078,2688689,Dupla,1705
1079,2688689,Dupla,1708
1080,2688689,Dupla,1709
1081,2688689,Estadual,1708
1082,2688689,Estadual,1709
1083,2688689,Estadual,1717
1084,2688689,Estadual,1723
1085,2691868,Dupla,1701
1086,2691868,Dupla,1711
1087,2691868,Estadual,1711
1088,2695324,Municipal,1701
1089,2695324,Municipal,1707
1090,2695324,Municipal,1708
1091,2695324,Municipal,1709
1092,2695324,Municipal,1718
1093,2695324,Municipal,1723
1094,2697696,Municipal,1701
1095,2697696,Municipal,1707
1096,2697696,Municipal,1708
1097,2697696,Municipal,1709
1098,2697696,Municipal,1712
1099,2697696,Municipal,1713
1100,2697696,Municipal,1717
1101,2697696,Municipal,1722
1102,2704900,Estadual,1701
1103,2704900,Estadual,1706
1104,2704900,Estadual,1707
1105,2704900,Estadual,1709
1106,2705982,Dupla,1701
1107,2705982,Dupla,1707
1108,2705982,Dupla,1708
1109,2705982,Dupla,1713
1110,2705982,Estadual,1713
1111,2705982,Estadual,1718
1112,2705982,Estadual,1723
1113,2705982,Municipal,1701
1114,2707918,Dupla,1707
1115,2707918,Dupla,1708
1116,2707918,Dupla,1717
1117,2707918,Dupla,1718
1118,2707918,Estadual,1701
1119,2707918,Estadual,1707
1120,2707918,Estadual,1708
1121,2707918,Estadual,1718
1122,2708779,Municipal,1707
1123,2716801,Municipal,1711
1124,2723190,Municipal,1705
1125,2723190,Municipal,1715
1126,2723190,Municipal,1716
1127,2723220,Municipal,1701
1128,2723220,Municipal,1712
1129,2723220,Municipal,1713
1130,2723220,Municipal,1717
1131,2723220,Municipal,1722
1132,2726653,Municipal,1714
1133,2726998,Municipal,1702
1134,2726998,Municipal,1713
1135,2726998,Municipal,1717
1136,2737434,Estadual,1701
1137,2737434,Estadual,1704
1138,2737434,Estadual,1707
1139,2737434,Estadual,1717
1140,2737434,Estadual,1723
1141,2740338,Estadual,1701
1142,2740338,Estadual,1713
1143,2740338,Estadual,1717
1144,2740338,Estadual,1723
1145,2741989,Dupla,1706
1146,2741989,Estadual,1706
1147,2741989,Estadual,1723
1148,2743469,Municipal,1706
1149,2743469,Municipal,1718
1150,2743469,Municipal,1723
1151,2748029,Dupla,1701
1152,2748029,Dupla,1705
1153,2748029,Estadual,1705
1154,2748029,Estadual,1708
1155,2748223,Dupla,1707
1156,2748223,Dupla,1708
1157,2748223,Dupla,1709
1158,2748223,Estadual,1701
1159,2748223,Estadual,1707
1160,2748223,Estadual,1708
1161,2748223,Estadual,1709
1162,2748223,Estadual,1718
1163,2748223,Estadual,1719
1164,2748223,Estadual,1723
1165,2749319,Municipal,1714
1166,2749319,Municipal,1721
1167,2754843,Municipal,1706
1168,2754843,Municipal,1709
1169,2755130,Estadual,1706
1170,2755130,Estadual,1707
1171,2755130,Estadual,1708
1172,2755130,Estadual,1709
1173,2755130,Estadual,1723
1174,2756951,Municipal,1706
1175,2757761,Dupla,1719
1176,2757761,Estadual,1719
1177,2758164,Dupla,1707
1178,2758164,Dupla,1708
1179,2758164,Municipal,1701
1180,2758164,Municipal,1707
1181,2758164,Municipal,1708
1182,2758164,Municipal,1718
1183,2758164,Municipal,1723
1184,2761092,Dupla,1701
1185,2761092,Dupla,1707
1186,2761092,Dupla,1708
1187,2761092,Dupla,1717
1188,2761092,Municipal,1707
1189,2761092,Municipal,1708
1190,2761092,Municipal,1717
1191,2761092,Municipal,1723
1192,2772280,Dupla,1706
1193,2772280,Dupla,1707
1194,2772280,Dupla,1714
1195,2772280,Dupla,1715
1196,2772280,Dupla,1718
1197,2772280,Municipal,1701
1198,2772280,Municipal,1706
1199,2772280,Municipal,1707
1200,2772280,Municipal,1714
1201,2772280,Municipal,1715
1202,2772310,Dupla,1701
1203,2772310,Dupla,1707
1204,2772310,Municipal,1707
1205,2772310,Municipal,1723
1206,2772566,Municipal,1704
1207,2772566,Municipal,1706
1208,2772566,Municipal,1715
1209,2772566,Municipal,1719
1210,2772566,Municipal,1720
1211,2775999,Dupla,1701
1212,2775999,Dupla,1706
1213,2775999,Dupla,1707
1214,2775999,Dupla,1713
1215,2775999,Dupla,1718
1216,2775999,Dupla,1723
1217,2781859,Dupla,1701
1218,2781859,Dupla,1708
1219,2781859,Dupla,1709
1220,2784602,Municipal,1706
1221,2786117,Estadual,1706
1222,2786117,Estadual,1707
1223,2786117,Estadual,1718
1224,2786117,Estadual,1719
1225,2786435,Municipal,1701
1226,2786435,Municipal,1707
1227,2786435,Municipal,1708
1228,2786435,Municipal,1709
1229,2786435,Municipal,1718
1230,2790602,Dupla,1707
1231,2790602,Dupla,1708
1232,2790602,Dupla,1709
1233,2790602,Estadual,1707
1234,2790602,Estadual,1708
1235,2790602,Estadual,1709
1236,2795671,Estadual,1706
1237,2798298,Municipal,1701
1238,2798298,Municipal,1707
1239,2798298,Municipal,1708
1240,2798298,Municipal,1712
1241,2798298,Municipal,1718
1242,2798298,Municipal,1723
1243,2799286,Dupla,1706
1244,2802104,Dupla,1706
1245,2802104,Dupla,1707
1246,2802104,Dupla,1717
1247,2802104,Estadual,1706
1248,2802104,Estadual,1707
1249,2802104,Estadual,1717
1250,2802104,Estadual,1718
1251,2802112,Dupla,1705
1252,2802112,Dupla,1706
1253,2802112,Municipal,1705
1254,2816210,Estadual,1707
1255,2816210,Estadual,1708
1256,2816210,Estadual,1709
1257,2816210,Estadual,1723
1258,2816210,Municipal,1701
1259,2816210,Municipal,1707
1260,2816210,Municipal,1708
1261,2816210,Municipal,1709
1262,3021114,Municipal,1701
1263,3021114,Municipal,1707
1264,3021114,Municipal,1708
1265,3021114,Municipal,1712
1266,3021114,Municipal,1723
1267,3075516,Municipal,1706
1268,3075516,Municipal,1718
1269,3075516,Municipal,1723
1270,3126838,Estadual,1701
1271,3126838,Estadual,1706
1272,3126838,Estadual,1707
1273,3126838,Estadual,1708
1274,3126838,Estadual,1717
1275,3126838,Estadual,1723
1276,3145425,Municipal,1715
1277,3157245,Dupla,1701
1278,3157245,Dupla,1708
1279,3285391,Municipal,1706
1280,3285391,Municipal,1707
1281,3369293,Dupla,1706
1282,3400557,Estadual,1715
1283,3477371,Municipal,1704
1284,3675580,Dupla,1707
1285,4001303,Estadual,1714
1286,4009444,Municipal,1706
1287,4028155,Estadual,1706
1288,4044916,Dupla,1701
1289,4044916,Dupla,1708
1290,4044916,Dupla,1718
1291,4044916,Estadual,1708
1292,4044916,Estadual,1718
1293,4044916,Estadual,1719
1294,4044916,Estadual,1720
1295,4049020,Municipal,1707
1296,5373190,Municipal,1706
1297,5585422,Estadual,1707
1298,5585422,Estadual,1723
1299,5869412,Estadual,1711
1300,5869412,Estadual,1714
1301,6048692,Dupla,1711
1302,6048692,Municipal,1711
1303,6123740,Estadual,1708
1304,6123740,Estadual,1712
1305,6123740,Estadual,1717
1306,6123740,Estadual,1722
1307,6123740,Estadual,1723
1308,6201059,Municipal,1706
1309,6479200,Estadual,1720
1310,6497489,Dupla,1715
1311,6497489,Estadual,1706
1312,6497489,Estadual,1715
1313,6583326,Municipal,1715
1314,6599877,Estadual,1706
1315,6599877,Estadual,1707
1316,6601804,Municipal,1714
1317,6602533,Estadual,1711
1318,6683134,Estadual,1706
1319,6876617,Estadual,1711
1320,6876617,Estadual,1716
1321,7066376,Estadual,1707
1322,7066376,Estadual,1723
1323,7068336,Dupla,1706
1324,7068336,Dupla,1712
1325,7068336,Estadual,1706
1326,7068336,Estadual,1712
1327,7185081,Estadual,1711
1328,7205686,Estadual,1715
1329,7400926,Estadual,1707
1330,7400926,Estadual,1708
1331,7400926,Estadual,1709
1332,7400926,Estadual,1723
1333,7845138,Estadual,1707
1334,7845138,Estadual,1708
1335,7845138,Estadual,1723
1336,7871902,Estadual,1711
1337,7891067,Estadual,1706
1338,8003629,Dupla,1706
1339,9255400,Dupla,1715
1340,9262407,Dupla,1706
1341,9262407,Dupla,1723
1342,9650105,Municipal,1706
1343,9650105,Municipal,1723
